{
    "name": "WiFi101", 
    "version": "0.15.3", 
    "keywords": [
        "communication"
    ], 
    "description": "Network driver for ATMEL WINC1500 module (used on Arduino/Genuino Wifi Shield 101 and MKR1000 boards)", 
    "frameworks": [
        "arduino"
    ], 
    "platforms": [
        "atmelavr", 
        "atmelsam", 
        "espressif32", 
        "espressif8266", 
        "intel_arc32", 
        "microchippic32", 
        "nordicnrf51", 
        "nordicnrf52", 
        "ststm32", 
        "teensy", 
        "timsp430"
    ], 
    "authors": [
        {
            "email": "info@arduino.cc", 
            "url": null, 
            "maintainer": true, 
            "name": "Arduino"
        }
    ], 
    "repository": {
        "type": "git", 
        "url": "https://github.com/arduino-libraries/WiFi101"
    }, 
    "homepage": "http://www.arduino.cc/en/Reference/WiFi101", 
    "export": {
        "include": null, 
        "exclude": [
            "extras", 
            "docs", 
            "tests", 
            "test", 
            "*.doxyfile", 
            "*.pdf"
        ]
    }, 
    "id": 299
}