{
    "description": "The FlashStorage library aims to provide a convenient way to store and retrieve user's data using the non-volatile flash memory of microcontrollers.", 
    "repository": {
        "url": "https://github.com/cmaglie/FlashStorage", 
        "type": "git"
    }, 
    "platforms": [
        "atmelsam"
    ], 
    "export": {
        "exclude": [
            "extras", 
            "docs", 
            "tests", 
            "test", 
            "*.doxyfile", 
            "*.pdf"
        ], 
        "include": null
    }, 
    "authors": [
        {
            "maintainer": false, 
            "name": "Various", 
            "url": null, 
            "email": null
        }, 
        {
            "maintainer": true, 
            "name": "Arduino", 
            "url": null, 
            "email": "info@arduino.cc"
        }
    ], 
    "keywords": [
        "storage", 
        "data"
    ], 
    "id": 1192, 
    "name": "FlashStorage", 
    "frameworks": [
        "arduino"
    ], 
    "version": "0.7.1", 
    "homepage": null
}